<?xml version="1.0" encoding="UTF-8"?>
<!DOCTYPE musica [
    <!ELEMENT musica (cancion+)>
        <!ATTLIST musica duracion NMTOKENS #REQUIRED>
        <!ATTLIST musica anio NMTOKENS #REQUIRED>
    <!ELEMENT cancion (titulo,compositores,productores,sello,artista)>
    <!ELEMENT titulo (#PCDATA)>
    <!ELEMENT compositores (compositor+)>
    <!ELEMENT compositor (nombre,apellidos)>
    <!ELEMENT nombre (#PCDATA)>
    <!ELEMENT apellidos (#PCDATA)>
    <!ELEMENT productores (productor+)>
    <!ELEMENT productor (nombre,apellidos)>
    <!ELEMENT sello (#PCDATA)>
    <!ELEMENT artista (#PCDATA)>
    
]>

<musica duracion="4:47" anio="2008">

    <cancion>
        <titulo>Give it 2 me</titulo>
        <compositores>
            <compositor>
                <nombre>Pharrell</nombre>
                <apellidos>Williams</apellidos>
            </compositor>
        </compositores>
        <productores>
            <productor>
                <nombre>Pharrell</nombre>
                <apellidos>Williams</apellidos>
            </productor>
        </productores>
        <sello>Warner Bros.Records</sello>
        <artista>Madonna</artista>
    </cancion>



</musica>
