<?xml version="1.0" encoding="UTF-8"?>
<facturas>
    <factura num="999">
        <especialidad>Equipos digitales</especialidad>
        <tipoSociedad>S.L</tipoSociedad>
        <direccion>Av. Valladolid</direccion>
        <ciudad>Madrid</ciudad>
        <codigoPostal>28015</codigoPostal>
        <cif>Q-9876543</cif>
        <telefono>91.777.66.88</telefono>
        <fax>91.777.66.99</fax>
        <fecha>12-01-2005</fecha>
        <pedido n="731"/>
        <forma_de_pago>EFECTIVO</forma_de_pago>
    </factura>
    <datosCliente>
        <numCliente>879</numCliente>
        <nombre>Darío Bueno Gutiérrez</nombre>
        <direccion>Av. Oporto nº7 4ºd</direccion>
        <poblacion></poblacion>
        <ciudad>Madrid</ciudad>
        <codigoPostal>28043</codigoPostal>
        <provincia>Madrid</provincia>
    </datosCliente>
    <datosFactura>
        <referencia>MII93000F/8</referencia>
        <descripcion>MICRO PENTIUM IV 3000MHX FB800</descripcion>
        <cantidad>1</cantidad>
        <precio>230 eur.</precio>
        <iva>16,0</iva>
        <importe>266,80 eur.</importe>

        <referencia>MB8QDIP4</referencia>
        <descripcion>PLACA BASE QDI P4</descripcion>
        <cantidad>1</cantidad>
        <precio>180 eur.</precio>
        <iva>16,0</iva>
        <importe>208,80 eur.</importe>

        <referencia>MEDD512M32</referencia>
        <descripcion>DIMM DDR 512MB 3200</descripcion>
        <cantidad>2</cantidad>
        <precio>40 eur.</precio>
        <iva>16,0</iva>
        <importe>92,80 eur.</importe>

        <referencia>HD250GSA7</referencia>
        <descripcion>DISCO DURO 250GB S-ATA 7200</descripcion>
        <cantidad>4</cantidad>
        <precio>120 eur.</precio>
        <iva>16,0</iva>
        <importe>556,80 eur.</importe>
    </datosFactura>
    <datosPagos>
        <baseImponible>970,00 eur.</baseImponible>
        <porcentajeIva>16,0</porcentajeIva>
        <cuotaIva>155,20 eur.</cuotaIva>
        <totalFactura>1125,20 eur.</totalFactura>
    </datosPagos>
</facturas>
