<?xml version="1.0" encoding="UTF-8"?>
<personas xmlns:xsi="http://www.w3.org/2001/XMLSchema-instance" xsi:noNamespaceSchemaLocation="personas.xsd">
    <persona>
        <nombre>Juan Pardo</nombre>
        <nacimiento dia="10" mes="Abril" anyo="1982"/>
        <direccion>
            <calle>Caoba, 1</calle>
            <poblacion>Madrid</poblacion>
            <provincia>Madrid</provincia>
            <cpostal>28005</cpostal>
        </direccion>
        <varon/>
    </persona>
    <persona>
        <nombre>María López</nombre>        
        <direccion>
            <calle>Paseo de la Esperanza, 15, 1ºA</calle>
            <poblacion>Madrid</poblacion>
            <provincia>Madrid</provincia>
            <cpostal>28005</cpostal>
        </direccion>
        <direccion>
            <calle>Roncato, 1</calle>
            <poblacion>Illescas</poblacion>
            <provincia>Toledo</provincia>
            <cpostal>45200</cpostal>
        </direccion>
        <hembra/>
    </persona>
</personas>