<?xml version="1.0" encoding="UTF-8"?>
<?xml-stylesheet href="ejercicio7.xsl" type="text/xsl"?>
<tienda>
    <nombre>La tiendecilla</nombre>
    <telefono>953 87 12 23</telefono>
    <producto>
        <codigo>92</codigo>
        <cantidad>10</cantidad>
        <articulo>Radio-Casette</articulo>
        <precio>30.99</precio>
        <imagen>radio.jpg</imagen>
    </producto>
    <producto>
        <codigo>101</codigo>
        <cantidad>3</cantidad>
        <articulo>Sofá</articulo>
        <precio>1100</precio>
        <imagen>sofa.jpg</imagen>
    </producto>
    <producto>
        <codigo>103</codigo>
        <cantidad>50</cantidad>
        <articulo>Reloj Cocina</articulo>
        <precio>300</precio>
        <imagen>reloj.png</imagen>
    </producto>
    <producto>
        <codigo>104</codigo>
        <cantidad>50</cantidad>
        <articulo>Móvil</articulo>
        <precio>200</precio>
        <imagen>movil.jpg</imagen>
    </producto>
</tienda>