<?xml version="1.0" encoding="UTF-8"?>
<!DOCTYPE biblioteca SYSTEM "examen.dtd">
<!-- De un libro: ISBN, título, precio, fecha de publicacion-->
<!-- De un autor: nif, nombre, apellidos, e-mail-->
<!-- Un libro solo puede tener una editorial (atributo), y hay que guardar el nombre, oficina y web-->
<!-- De los revisores hay que guardar valoración y comentario-->
<!-- Las revisiones las hacen autores, tienen que llevar valoración y pueden o no comentario -->
<!-- ISBN es un id y todos los libros tienen-->
<!-- El nombre de una editorial es un ID y toda editorial tiene-->
<!-- El tipo de moneda tiene que aparecer siempre y siempre toma el valor "euro"-->
<!-- NIF es un id y todos los autores tienen-->
<!-- revisoresLibro es un IDREFS (puede tener más de uno)-->
<!-- Todos los libros tienen que tener al menos una revisión-->
<biblioteca> 
    <libros>
        <libro isbn="_1-55655-767-6" nifAutores="_23456788P _23456787G" editorialLibro="_McGraw-Hill">
            <titulo>Fundamentos de bases de datos</titulo>
            <precio moneda="euro">40</precio>
            <fechaPublicacion>2003</fechaPublicacion>
            <revisores>
                <revisor nifRevisor="_23456789N">
                    <valoracion>8.5</valoracion>
                    <comentario>Es un libro de texto básico</comentario>
                </revisor>
            </revisores>
        </libro>
        <libro isbn="_ISBN2" nifAutores="_00000000N _23456788P" editorialLibro="_editorial2">
            <titulo>Libro2</titulo>
            <precio moneda="euro">5</precio>
            <fechaPublicacion>2023</fechaPublicacion>
            <revisores>
                <revisor nifRevisor="_23456787G">
                    <valoracion>5</valoracion>
                    <comentario>Ni fuh ni fah</comentario>
                </revisor>
            </revisores>
        </libro>
        <libro isbn="_ISBN3" nifAutores="_00000000N" editorialLibro="_editorial3">
            <titulo>Libro3</titulo>
            <precio moneda="euro">500</precio>
            <fechaPublicacion>2004</fechaPublicacion>
            <revisores>
                <revisor nifRevisor="_23456788P">
                    <valoracion>10</valoracion>
                    <comentario>El mejor libro que he leído en mi vida</comentario>
                </revisor>
                <revisor nifRevisor="_23456787G">
                    <valoracion>10</valoracion>
                    <comentario>Una obra maestra</comentario>
                </revisor>
                <revisor nifRevisor="_23456789N">
                    <valoracion>10</valoracion>                    
                </revisor>
            </revisores>
        </libro>
    </libros>
    <autores>
        <autor nif="_23456788P">
            <nombreAutor>Abraham</nombreAutor>
            <apellidos>Silberschatz</apellidos>
            <email>silbers@hotmail.com</email>
        </autor>
        <autor nif="_23456787G">
            <nombreAutor>Henry</nombreAutor>
            <apellidos>Korth</apellidos>
            <email>korth@hotmail.com</email>
        </autor>
        <autor nif="_23456789N">
            <nombreAutor>James</nombreAutor>
            <apellidos>Smith</apellidos>            
        </autor>
        <autor nif="_00000000N">
            <nombreAutor>Darío</nombreAutor>
            <apellidos>Rico García</apellidos>            
        </autor>
    </autores>
    <editoriales>
        <editorial nombreEditorial="_McGraw-Hill">
            <oficina>Av. Santander s/n</oficina>
            <web>http://www.mcgrawhill.es</web>
        </editorial>
        <editorial nombreEditorial="_editorial2">
            <oficina>Av. Ejemplo2</oficina>
            <web>http://www.santillana.es</web>
        </editorial>
        <editorial nombreEditorial="_editorial3">
            <oficina>Av. Ejemplo3</oficina>
            <web>http://www.lafabrica.es</web>
        </editorial>
    </editoriales>
</biblioteca>