<?xml version="1.0" encoding="UTF-8"?>
<canciones>
    <cancion>
        <titulo>Still got the blues</titulo>
        <artista>Gary Moore</artista>
        <pais>UK</pais>
        <compañia_discografica>Virgin records</compañia_discografica>
        <precio>10.20</precio>
        <año_de_publicacion>1990</año_de_publicacion>
    </cancion>
    <cancion>
        <titulo>One night only</titulo>
        <artista>Bee Gees</artista>
        <pais>UK</pais>
        <compañia_discografica>Polydor</compañia_discografica>
        <precio>10.90</precio>
        <año_de_publicacion>1998</año_de_publicacion>
    </cancion>
    <cancion>
        <titulo>When a man loves a woman</titulo>
        <artista>Percy Sledge</artista>
        <pais>USA</pais>
        <compañia_discografica>Atlantic</compañia_discografica>
        <precio>8.70</precio>
        <año_de_publicacion>1987</año_de_publicacion>
    </cancion>
    <cancion>
        <titulo>Big Willie style</titulo>
        <artista>Will Smith</artista>
        <pais>USA</pais>
        <compañia_discografica>Columbia</compañia_discografica>
        <precio>9.90</precio>
        <año_de_publicacion>1997</año_de_publicacion>
    </cancion>
    <cancion>
        <titulo>La canción de Juan Perro</titulo>
        <artista>Radio Futura</artista>
        <pais>España</pais>
        <compañia_discografica>Sony Music-Ariola</compañia_discografica>
        <precio>9.90</precio>
        <año_de_publicacion>1987</año_de_publicacion>
    </cancion>
    <cancion>
        <titulo>The dock of the bay</titulo>
        <artista>Otis Redding</artista>
        <pais>USA</pais>
        <compañia_discografica>Atlantic</compañia_discografica>
        <precio>7.90</precio>
        <año_de_publicacion>1987</año_de_publicacion>
    </cancion>
</canciones>
